rank,coin_id,coin_name,symbol,price,price_change_24h,volume_24h,market_cap,category,scraped_at,price_change_1h_pct,price_change_24h_pct,price_change_7d_pct,market_cap_rank,high_24h,low_24h,circulating_supply,total_supply,ath,ath_date,atl,atl_date
,hyperliquid,Hyperliquid HYPE,HYPE,41.12,2.5%,1110159106.0,11194834411.0,Derivatives,2025-11-05T13:15:13.396925,2.4359693304486387,8.44185,-16.37025262479101,17.0,41.35,35.9,270772999.4341414,999835210.4341414,59.3,2025-09-18T03:30:30.650Z,3.81,2024-11-29T09:30:30.871Z
,polkadot,Polkadot DOT,DOT,2.6,1.4%,370196595.0,4258139643.0,Layer 0 (L0),2025-11-05T13:15:26.548473,1.4143454200494348,0.06661,-16.357588104265773,39.0,2.64,2.37,1633683462.892296,1633683462.892296,54.98,2021-11-04T14:10:09.301Z,2.13,2025-10-10T21:27:58.296Z
,internet-computer,Internet Computer ICP,ICP,5.03,3.5%,1042413643.0,2703208364.0,Layer 0 (L0),2025-11-05T13:15:26.639298,3.4518245220760635,0.11816,62.82645392530858,52.0,6.32,4.76,539521483.170866,539521483.170866,700.65,2021-05-10T16:05:53.653Z,2.23,2025-10-10T21:26:36.019Z
,dash,Dash DASH,DASH,108.75,6.5%,1358403737.0,1350242457.0,Masternodes,2025-11-05T13:15:00.895632,6.449367502299874,-14.66529,124.381384194122,81.0,142.25,101.5,12473042.60861232,12473198.95547764,1493.59,2017-12-20T00:00:00.000Z,0.213899,2014-02-14T00:00:00.000Z
,beldex,Beldex BDX,BDX,0.081698,0.6%,11068740.0,611140483.0,Masternodes,2025-11-05T13:15:01.019032,0.6275534815577103,1.00941,3.662689346787441,138.0,0.081733,0.08034,7477276881.213255,9938257866.453707,0.450785,2018-12-17T00:00:00.000Z,0.00027519,2019-11-01T11:05:12.090Z
,plasma,Plasma XPL,XPL,0.283683,4.5%,434819797.0,541327731.0,Echo Launchpad,2025-11-05T13:14:53.888388,4.304711941301954,11.34545,-21.431662192376177,152.0,0.287981,0.229687,1888888888.8889,10000000000.0,1.68,2025-09-28T01:31:40.327Z,0.229687,2025-11-04T21:38:05.918Z
,pendle,Pendle PENDLE,PENDLE,2.64,1.5%,89566375.0,445001199.0,Derivatives,2025-11-05T13:15:13.529345,1.519870822837748,-1.03764,-19.31176875537984,176.0,2.76,2.49,168471227.0487823,281527448.4585314,7.5,2024-04-11T08:25:36.646Z,0.03377729,2022-11-14T20:15:58.336Z
,myx-finance,MYX Finance MYX,MYX,2.03,5.4%,42797408.0,380940587.0,Derivatives,2025-11-05T13:15:13.658177,5.469709534742426,14.30301,-20.97597702699551,200.0,2.2,1.74,190768939.69,1000000000.0,19.03,2025-09-11T03:15:27.945Z,0.04700553,2025-06-19T17:36:45.581Z
,atomone,AtomOne ATONE,ATONE,2.36,0.9%,529987.0,290578365.0,Layer 0 (L0),2025-11-05T13:15:26.818064,0.9129693419923557,7.14593,-14.303882299039888,235.0,2.37,2.11,122794897.422161,134602809.082161,16.99,2025-10-01T20:56:46.952Z,0.148095,2025-09-04T06:57:38.524Z
,layerzero,LayerZero ZRO,ZRO,1.45,1.2%,85820535.0,161838189.0,Layer 0 (L0),2025-11-05T13:15:26.907217,1.239620040572817,4.54949,-13.776415810418055,342.0,1.46,1.31,111152854.20763355,1000000000.0,7.47,2024-12-06T14:15:52.674Z,1.12,2025-10-10T21:27:10.208Z
,arkham,Arkham ARKM,ARKM,0.295629,2.0%,55183443.0,152261816.0,Derivatives,2025-11-05T13:15:13.908402,1.579426046383349,2.40095,-18.187680310600587,359.0,0.299895,0.279004,514303874.0,1000000000.0,3.98,2024-03-10T00:04:54.733Z,0.180099,2025-10-10T21:28:14.211Z
,avantis,Avantis AVNT,AVNT,0.521413,1.7%,63845352.0,135097453.0,Derivatives,2025-11-05T13:15:14.016345,1.350888764388694,-4.0893,-20.069559639351247,395.0,0.550587,0.498461,258205903.14667922,1000000000.0,2.64,2025-09-22T00:21:56.300Z,0.187764,2025-09-09T15:46:28.225Z
,drift-protocol,Drift Protocol DRIFT,DRIFT,0.336572,1.7%,24526698.0,129879568.0,Derivatives,2025-11-05T13:15:14.138474,1.6590926259486043,-1.10035,-18.496471754402553,401.0,0.350051,0.322543,384177296.552379,1000000000.0,2.6,2024-11-09T01:41:24.471Z,0.100002,2024-05-16T10:01:32.623Z
,gmx,GMX GMX,GMX,8.9,1.3%,16315034.0,92724876.0,Derivatives,2025-11-05T13:15:14.551630,0.7910185570378234,2.8926,-12.288791895458303,486.0,8.99,7.95,10344746.0426927,10344746.0426927,91.07,2023-04-18T10:00:25.680Z,6.92,2025-10-10T21:27:08.940Z
,uma,UMA UMA,UMA,0.925583,1.5%,16706398.0,81974694.0,Derivatives,2025-11-05T13:15:14.673504,1.5540578387301187,-5.57179,-17.89004127813004,523.0,1.001,0.886695,88212079.7901161,126495701.8711396,41.56,2021-02-04T11:27:11.433Z,0.303625,2020-04-29T17:00:41.760Z
,altlayer,AltLayer ALT,ALT,0.01565979,1.4%,31816994.0,74230815.0,Rollups-as-a-Service (RaaS),2025-11-05T13:14:46.662873,1.3868634582553825,-8.90801,-18.341892427414543,554.0,0.01719118,0.01486926,4718402775.0,10000000000.0,0.676743,2024-03-28T23:20:10.066Z,0.01329349,2025-10-10T21:31:37.182Z
,ontology,Ontology ONT,ONT,0.079193,0.7%,8140588.0,72990314.0,Masternodes,2025-11-05T13:15:01.156108,0.7315459753545894,0.34333,-11.297299170476341,556.0,0.080993,0.07439,918864523.0,1000000000.0,10.92,2018-05-03T01:43:05.844Z,0.064869,2025-10-10T21:33:43.067Z
,fulcrom,Fulcrom FUL,FUL,0.00422577,1.3%,44839.0,69921961.0,Derivatives,2025-11-05T13:15:14.777730,1.276733995690383,-4.5937,-18.592912219684685,570.0,0.00453842,0.00398963,16556452987.7008,20000000000.0,0.04004179,2023-04-05T02:48:03.311Z,0.00299412,2025-10-10T21:25:38.151Z
,caldera,Caldera ERA,ERA,0.345533,17.6%,84403805.0,63959050.0,Rollups-as-a-Service (RaaS),2025-11-05T13:14:46.761125,17.039154094261303,45.15764,14.648576554870049,596.0,0.372096,0.221567,174750000.0,1000000000.0,1.88,2025-07-17T20:36:33.109Z,0.221567,2025-11-05T01:40:26.501Z
,whiteheart,Whiteheart WHITE,WHITE,5969.11,,0.0,53053451.0,Derivatives,2025-11-05T13:15:15.013833,,,-13.221231397431875,674.0,,,8888.0,8888.0,8457.1,2025-08-24T18:42:56.029Z,57.1,2022-06-18T21:11:01.884Z
,seth,sETH SETH,SETH,3261.05,0.8%,265.66,37793570.0,Derivatives,2025-11-05T13:15:15.388014,0.7753063173983825,-5.76824,-17.913408598272515,830.0,3512.84,3051.92,11584.25414847524,11584.25414847524,4876.35,2021-11-10T14:26:23.071Z,0.01254476,2020-04-01T00:44:33.804Z
,gains-network,Gains Network GNS,GNS,1.36,0.9%,2496356.0,37560863.0,Derivatives,2025-11-05T13:15:15.519800,0.8482309154067048,-0.78734,-7.902205035069379,833.0,1.4,1.29,27543015.0,27543015.0,12.48,2023-02-17T07:55:07.998Z,0.265841,2021-11-29T05:56:42.899Z
,nirvana-ana-2,Nirvana ANA ANA,ANA,4.17,0.0%,3507.07,32159353.0,Derivatives,2025-11-05T13:15:15.708876,-9.089439307201613e-05,0.11198,-2.495184938534527,920.0,4.18,4.15,7718912.73274,7718912.73274,5.22,2025-09-07T00:17:08.767Z,3.9,2025-08-11T23:20:08.378Z
,c8ntinuum,c8ntinuum CTM,CTM,0.03829877,1.3%,1246423.0,31598702.0,Layer 0 (L0),2025-11-05T13:15:27.090972,1.3009190744346604,-0.38974,-18.88088733619962,931.0,0.03909298,0.03546456,824932137.4576089,888888360.4576089,0.11106,2025-04-22T15:05:26.443Z,0.0080516,2025-09-02T07:57:45.921Z
,dymension,Dymension DYM,DYM,0.078505,1.9%,8216029.0,31199734.0,Rollups-as-a-Service (RaaS),2025-11-05T13:14:46.863198,1.8963928069681728,-3.91214,-19.265147771441075,942.0,0.082985,0.070934,397385244.0,1000000000.0,8.5,2024-02-14T14:29:43.198Z,0.054612,2025-10-10T21:33:16.617Z
,derive,Derive DRV,DRV,0.03614178,0.5%,232419.0,31032876.0,Derivatives,2025-11-05T13:15:15.843773,0.5374724248024644,-9.15033,-16.506873812535204,948.0,0.04134176,0.03482835,858449390.1173825,1500000000.0,0.228265,2025-01-15T03:52:14.666Z,0.01243699,2025-04-07T13:31:06.926Z
,pivx,PIVX PIVX,PIVX,0.300192,1.1%,20690078.0,29535781.0,Masternodes,2025-11-05T13:15:01.510552,1.0658968875905022,-17.20862,14.892955175499692,970.0,0.405177,0.281026,98012777.81907354,98012777.81907354,13.56,2018-01-10T00:00:00.000Z,0.00052324,2016-02-15T00:00:00.000Z
,hegic,Hegic HEGIC,HEGIC,0.02650408,0.8%,90191.0,28618172.0,Derivatives,2025-11-05T13:15:16.008505,0.7683212256584888,-11.94298,-25.514929042940697,986.0,0.03058466,0.02528754,1077684725.0,1077684725.0,0.642093,2021-02-13T16:55:14.277Z,0.0048443,2022-05-12T22:50:04.705Z
,tradoor,Tradoor TRADOOR,TRADOOR,1.94,0.5%,4168016.0,27988199.0,Derivatives,2025-11-05T13:15:16.162189,0.5340532771298894,1.92049,-27.691066513744282,998.0,2.07,1.89,14349000.0,60000000.0,4.98,2025-10-09T07:52:20.624Z,0.480172,2025-09-04T12:06:33.370Z
,thales,Thales THALES,THALES,0.304924,0.9%,13391.41,19466833.0,Derivatives,2025-11-05T13:15:16.290294,0.8986450057548525,2.545,3.4208871877872573,1225.0,0.304792,0.287209,63868947.0,100000000.0,3.75,2021-09-16T04:45:25.758Z,0.094149,2025-04-22T01:10:52.344Z
,syscoin,Syscoin SYS,SYS,0.0236882,0.9%,5256202.0,19430282.0,Masternodes,2025-11-05T13:15:01.633962,1.1104823532678811,-2.32229,-20.23587307964214,1226.0,0.02465141,0.02233394,844164545.4678606,844202729.2447983,1.3,2022-01-02T04:08:51.334Z,0.00020971,2015-02-22T00:00:00.000Z
,adrena,Adrena ADX,ADX,0.01968437,1.0%,126944.0,19364916.0,Derivatives,2025-11-05T13:15:16.435073,1.0193776301777167,-7.1267,-25.021749922976976,1230.0,0.02161048,0.01558247,987950781.126778,995087823.126778,0.234875,2024-11-09T03:43:51.501Z,0.01215506,2025-03-11T14:45:24.851Z
,bmx,BMX BMX,BMX,6.42,1.6%,269813.0,18136378.0,Derivatives,2025-11-05T13:15:16.554478,0.24207411830825193,-6.24707,-20.58622502164387,1277.0,6.9,5.54,2769636.74098222,2769636.74098222,15.37,2024-12-27T10:26:24.798Z,0.26035,2023-09-15T08:13:35.582Z
,parcl,Parcl PRCL,PRCL,0.03887994,0.8%,12525542.0,17652912.0,Derivatives,2025-11-05T13:15:16.716209,0.8328284524831132,-2.21423,-8.812210293950825,1292.0,0.0459696,0.03725869,452692822.772183,999998018.578814,0.736957,2024-04-22T10:16:47.961Z,0.03273921,2025-10-10T21:22:48.268Z
,superp,Superp SUP,SUP,0.091507,0.0%,37679191.0,16020151.0,Derivatives,2025-11-05T13:15:17.032399,-0.033734745572017284,-0.74449,-6.292925077230032,1360.0,0.094575,0.090032,175000000.0,1000000000.0,0.161004,2025-10-04T11:51:32.598Z,0.03046117,2025-08-07T21:32:19.969Z
,strike-2,Strike STRIKE,STRIKE,0.854345,1.0%,430883.0,15379077.0,Derivatives,2025-11-05T13:15:17.365069,1.0103239233937709,-8.55049,-28.469002174673324,1383.0,0.934226,0.740545,18000000.0,25000000.0,2.17,2025-08-27T09:16:02.603Z,0.063691,2024-10-25T20:32:56.346Z
,openverse-network,Openverse Network BTG,BTG,7.45,0.7%,34912731.0,14121360.0,Layer 0 (L0),2025-11-05T13:15:27.280507,0.6887708531975678,-3.99588,-52.85485824465045,1450.0,8.39,7.4,1900000.0,20000000.0,18.52,2025-10-24T00:20:17.876Z,4.56,2025-10-02T13:24:06.362Z
,zeta,Zeta ZEX,ZEX,0.0717,2.6%,550367.0,12047017.0,Derivatives,2025-11-05T13:15:17.834021,2.5261702789021725,-7.36297,-15.578471934257712,1541.0,0.077545,0.069541,171739828.790614,999997208.153521,0.307774,2024-06-27T14:06:08.974Z,0.02271741,2024-08-05T13:26:10.286Z
,lab,LAB LAB,LAB,0.15567,1.5%,32517432.0,11936644.0,Echo Launchpad,2025-11-05T13:14:54.002152,1.2444354705202043,9.4142,0.17511466340834708,1548.0,0.17125,0.136726,76546099.142,1000000000.0,0.413318,2025-10-30T22:12:34.057Z,0.075087,2025-10-14T12:17:13.399Z
,quickswap,Quickswap QUICK,QUICK,0.01607507,1.2%,4159930.0,11521464.0,Derivatives,2025-11-05T13:15:18.110410,1.1757049844136251,-1.01694,-14.899633749126027,1579.0,0.01651131,0.01513407,716263713.9605173,943283376.4965146,0.229794,2022-05-05T09:44:15.144Z,0.00662336,2022-09-04T18:06:22.569Z
,perpetual-protocol,Perpetual Protocol PERP,PERP,0.14159,1.2%,41060023.0,10338828.0,Derivatives,2025-11-05T13:15:18.242544,1.0845135874246852,-3.86172,-26.463895565058866,1661.0,0.148359,0.130386,72609864.24405634,150000000.0,24.4,2021-08-30T15:06:09.177Z,0.10955,2025-10-10T21:32:23.146Z
,pika-protocol,Pika Protocol PIKA,PIKA,0.540119,,40.83,10262265.0,Derivatives,2025-11-05T13:15:18.363555,,2.56867,-19.575869079456158,1668.0,0.544808,0.502112,19000000.0,100000000.0,1.26,2024-09-30T16:26:32.464Z,0.00342553,2025-02-04T08:40:46.731Z
,cryptex-finance,Cryptex Finance CTX,CTX,1.16,0.6%,7040665.0,9120773.0,Derivatives,2025-11-05T13:15:18.711438,-0.5713323927761148,1.1831,-5.424779117662693,1762.0,1.18,1.15,7838689.451174722,10000000.0,44.13,2021-09-13T15:58:08.605Z,0.790108,2023-10-11T11:55:08.611Z
,symmio,SYMMIO SYMM,SYMM,0.01254681,4.9%,28151.0,8960242.0,Derivatives,2025-11-05T13:15:18.825539,4.881850607864462,5.43069,-7.155418565987611,1772.0,0.01256035,0.01028047,723494433.1210982,849426537.3883382,0.150809,2024-12-17T13:23:40.125Z,0.00966497,2025-09-18T15:56:17.316Z
,gelato,Gelato GEL,GEL,0.03241942,0.3%,149964.0,8617519.0,Rollups-as-a-Service (RaaS),2025-11-05T13:14:47.001332,0.3467286414545877,-10.52663,-25.24204511983435,1800.0,0.03663719,0.03130327,265680665.28191763,420690000.0,4.21,2021-11-30T04:32:06.012Z,0.03130327,2025-11-05T01:30:42.748Z
,divi,Divi DIVI,DIVI,0.00163177,0.1%,54158.0,7299848.0,Masternodes,2025-11-05T13:15:01.853120,0.1265647759595935,-1.83813,6.955337779381263,1912.0,0.00169797,0.00162922,4473566963.553116,4473762179.553094,0.183363,2021-12-02T06:47:39.220Z,0.00038872,2024-09-14T07:10:42.875Z
,kwenta,Kwenta KWENTA,KWENTA,13.48,0.5%,183.95,7190661.0,Derivatives,2025-11-05T13:15:18.952189,-0.4802970838547623,-4.95558,-28.099985477055807,1919.0,14.44,12.67,532375.25598926,797713.826637721,790.99,2023-03-14T13:16:00.736Z,6.88,2025-08-24T15:42:54.358Z
,divergence-protocol,Divergence Protocol DIVER,DIVER,0.00892644,0.0%,76795.0,5893134.0,Derivatives,2025-11-05T13:15:19.215972,-0.04693973890773882,-2.61929,-10.315034342373611,2064.0,0.0092098,0.00830793,660000000.0,1000000000.0,0.454064,2021-10-18T15:53:46.967Z,0.00490827,2025-04-09T14:29:55.726Z
,premia,Premia PREMIA,PREMIA,0.112136,14.3%,28933.0,5797926.0,Derivatives,2025-11-05T13:15:19.339221,14.279158709956489,1.64643,-17.849976609972202,2079.0,0.114721,0.094249,51939619.64090679,100000000.0,5.79,2021-10-26T03:05:54.595Z,0.051951,2025-04-09T01:29:58.545Z
,rch-token,RCH Token RCH,RCH,0.207886,1.0%,378823.0,5582740.0,Derivatives,2025-11-05T13:15:19.476544,0.552589990843179,-5.61699,-17.398246906254787,2104.0,0.223786,0.194499,26829510.26995546,26978158.91351247,3.31,2024-06-10T19:44:52.981Z,0.135479,2025-04-09T01:32:07.938Z
,nereus-token,Nereus NRS,NRS,0.136417,0.1%,161743.0,5330014.0,Derivatives,2025-11-05T13:15:19.605366,-0.06805127543220185,0.58985,1.4674631942472203,2142.0,0.138032,0.135586,39007160.0,1000000000.0,0.687331,2024-11-19T10:50:05.024Z,0.088159,2025-01-04T22:45:07.983Z
,streamr,Streamr DATA,DATA,0.00681352,1.5%,2478822.0,5245670.0,Layer 0 (L0),2025-11-05T13:15:27.389319,1.5212807238371282,0.59865,-18.019478648359193,2157.0,0.0069826,0.00656576,767121867.0,1000541714.0,0.209972,2021-12-02T17:13:34.674Z,0.00656576,2025-11-04T20:27:45.424Z
,overlay-protocol,Overlay Protocol OVL,OVL,0.054119,0.9%,1551603.0,4806486.0,Derivatives,2025-11-05T13:15:19.723669,0.8805804444820302,-12.32413,-33.485313701110805,2221.0,0.061726,0.052878,88829845.58352757,88829845.58352757,0.76607,2025-08-14T08:38:42.505Z,0.052878,2025-11-05T07:47:43.935Z
,full-moon,Full Moon FM,FM,0.00875325,1.4%,16613.8,4747174.0,Derivatives,2025-11-05T13:15:19.834673,1.3814669688397299,-5.51008,-25.032999055979065,2232.0,0.00952751,0.00831888,538801756.5695581,20000000000.0,0.04230323,2025-08-09T09:59:50.565Z,0.00630962,2025-10-10T21:23:36.150Z
,cellframe,Cellframe CELL,CELL,0.146092,0.4%,795111.0,4349290.0,Layer 0 (L0),2025-11-05T13:15:27.478356,0.6134113513565074,-9.25252,-23.39979002778229,2303.0,0.162115,0.140732,29734999.99990929,29734999.99990929,7.21,2021-03-25T06:06:09.300Z,0.121154,2023-06-01T02:18:56.850Z
,contango,Contango TANGO,TANGO,0.00814459,0.8%,30111.0,4276655.0,Derivatives,2025-11-05T13:15:19.952748,0.897765239986198,-11.43217,-57.47433824352212,2316.0,0.0105473,0.00797812,524561612.0370499,1000000000.0,0.118219,2024-12-07T02:43:54.969Z,0.00650169,2025-11-03T20:55:43.636Z
,ribbon-finance,Ribbon Finance RBN,RBN,0.050496,,259.59,4267716.0,Derivatives,2025-11-05T13:15:20.053599,,-0.29756,-19.808265259050227,2320.0,0.051021,0.04197777,84515120.87968434,1000000000.0,5.54,2021-10-07T22:30:49.258Z,0.03402213,2025-06-27T17:22:14.942Z
,tlx,TLX TLX,TLX,0.070832,,240.14,4132598.0,Derivatives,2025-11-05T13:15:20.170958,,-5.08909,-26.691298468613173,2356.0,0.074788,0.070096,58343983.55984757,69999980.0,0.738412,2024-05-28T01:18:56.860Z,0.02052682,2025-08-17T21:41:27.761Z
,bifrost-native-coin,Bifrost BNC,BNC,0.08956,0.4%,971256.0,3970795.0,Derivatives,2025-11-05T13:15:20.278716,-0.3983439310777392,-8.90952,1.4609243968866772,2393.0,0.098358,0.08936,44278490.07817114,80000000.0,6.14,2021-11-03T14:59:32.094Z,0.077236,2022-11-14T04:24:21.920Z
,energi,Energi NRG,NRG,0.03054276,0.0%,130347.0,3044493.0,Masternodes,2025-11-05T13:15:01.965676,0.004947048859378356,-5.57424,-7.3696914845179915,2647.0,0.03235555,0.03049194,99705288.98681875,99711236.013198,10.19,2019-06-25T19:34:23.298Z,0.02285787,2025-04-09T09:05:28.858Z
,axel,AXEL AXEL,AXEL,0.01940233,0.6%,1875.82,2771447.0,Masternodes,2025-11-05T13:15:02.082085,0.5996729593704078,-2.18715,-9.543633603294053,2752.0,0.01989639,0.01873546,143199700.0,1000000000.0,0.349088,2021-05-08T08:23:54.001Z,0.01349924,2025-09-23T00:50:30.293Z
,analog,Analog ANLOG,ANLOG,0.00123894,0.6%,413481.0,2301643.0,Layer 0 (L0),2025-11-05T13:15:27.568476,0.603105626813501,0.24734,-9.714220029757712,2929.0,0.00124159,0.00121475,1857089401.595,9057971000.0,0.0100305,2025-02-10T11:26:08.041Z,0.00063826,2025-10-12T08:39:40.687Z
,morpheus-network,Morpheus Network MNW,MNW,0.060349,2.5%,13682.24,2266216.0,Masternodes,2025-11-05T13:15:02.387735,0.7434226709557797,-2.81102,-14.794801010280315,2949.0,0.063821,0.054403,37520088.3855,47897218.0,5.46,2021-11-11T07:57:14.750Z,0.00992725,2018-08-11T00:00:00.000Z
,bitcore,BitCore BTX,BTX,0.069369,0.4%,74.24,1375788.0,Masternodes,2025-11-05T13:15:02.621723,0.3845766895832629,0.60223,3.9293462571847932,3491.0,0.075329,0.06798,19832383.91054785,19832623.75429785,38.84,2017-11-16T00:00:00.000Z,0.00307,2017-06-14T00:00:00.000Z
,geeq,GEEQ GEEQ,GEEQ,0.02283726,2.8%,255278.0,1246168.0,Layer 0 (L0),2025-11-05T13:15:27.653070,2.7939585187685747,-3.42497,-19.770291372662495,3604.0,0.02473975,0.02105945,54500000.0,100000000.0,4.88,2020-08-10T02:02:13.370Z,0.01944238,2025-04-09T02:46:49.919Z
,raptoreum,Raptoreum RTM,RTM,0.00019072,1.1%,11752.27,1181613.0,Masternodes,2025-11-05T13:15:02.736911,-1.1498806169655902,-8.01898,-6.74570247203421,3672.0,0.00020735,0.00019169,5935706620.0,21000000000.0,0.081262,2021-11-14T02:36:17.340Z,5.096e-05,2025-07-24T10:08:57.276Z
,cosanta,Cosanta COSA,COSA,2.09,0.3%,38143.0,806005.0,Masternodes,2025-11-05T13:15:02.875494,0.2840543030663656,-3.0881,-1.3261669591900243,4177.0,2.15,2.05,386636.24999999,386636.24999999,11.71,2023-04-27T17:48:01.336Z,0.19178,2024-06-25T18:05:56.777Z
,neoxa,Neoxa NEOX,NEOX,7.489e-05,0.7%,14512.67,673327.0,Masternodes,2025-11-05T13:15:02.999662,-0.7197199040446717,9.65672,-12.243116284148844,4425.0,8.109e-05,6.815e-05,8992421226.311588,8997301226.311588,0.02486785,2022-09-04T21:07:17.529Z,6.359e-05,2025-11-01T01:29:35.275Z
,photon-2,Photon PHOTON,PHOTON,0.287937,0.4%,151831.0,515988.0,Layer 0 (L0),2025-11-05T13:15:27.766248,-0.3729129841613941,3.84768,-18.309535966348072,4777.0,0.289015,0.261324,1791671.0,8967492.0,0.679355,2025-10-01T20:56:31.660Z,0.03011794,2025-10-03T01:22:02.932Z
,moneybyte,Moneybyte MON,MON,0.050307,,6.34,454067.0,Masternodes,2025-11-05T13:15:03.107614,,,303.8242209073048,4956.0,,,9025908.80467191,32200000.0,0.686511,2020-11-26T15:45:11.689Z,0.00059156,2020-03-14T14:49:56.926Z
,index-coop-eth-2x-flexible-leverage-index,Index Coop - ETH 2x Flexible Leverage Index ETH2X-FLI,ETH2X-FLI,7.23,1.1%,3.69,432385.0,Derivatives,2025-11-05T13:15:19.071778,0.918956857248109,-5.80907,-15.515334709616162,5022.0,7.68,6.71,59803.52946190801,59803.52946190801,529.43,2021-12-03T09:08:59.500Z,1.99,2022-06-18T20:57:27.930Z
,terracoin,Terracoin TRC,TRC,0.01138805,0.6%,0.01277301,261528.0,Masternodes,2025-11-05T13:15:03.476196,0.6378418778841598,-1.57521,-8.955851662135732,5729.0,0.0125998,0.01098678,22935396.0,22935396.0,7.34,2024-01-18T14:57:29.839Z,0.00017378,2019-06-15T00:00:00.000Z
,swiftcash,SwiftCash SWIFT,SWIFT,0.00075399,0.1%,1730.6,219037.0,Masternodes,2025-11-05T13:15:03.598025,0.10943395089882298,-0.19351,-6.320085502913561,5983.0,0.00076144,0.00073667,290799096.8840478,5000000000.0,0.03944878,2020-08-03T18:59:52.743Z,1.567e-05,2023-05-01T02:04:45.502Z
,blocknet,Blocknet BLOCK,BLOCK,0.00969036,0.4%,0.234216,116803.0,Masternodes,2025-11-05T13:15:03.730592,0.3822755116969336,-51.52434,-63.2123445106048,6988.0,0.01999291,0.0077461,12065162.86531109,,59.66,2018-01-06T00:00:00.000Z,0.00321532,2024-06-22T20:17:01.683Z
,stakecube,Stakecube SCC,SCC,0.00582243,0.0%,1697.84,95202.0,Masternodes,2025-11-05T13:15:03.836778,0.0015617646826159102,-2.92158,-16.15972704599816,7342.0,0.00599769,0.00511611,16351533.91163954,16354285.91163954,3.64,2020-07-12T15:48:41.950Z,5.001e-15,2025-06-02T11:48:13.012Z
,smartcash,SmartCash SMART,SMART,1.883e-05,,0.055186,55630.0,Masternodes,2025-11-05T13:15:03.974042,,2.55926,-35.87142650154666,8213.0,1.89e-05,1.833e-05,2953892297.0,5000000000.0,2.14,2018-01-13T00:00:00.000Z,3.09e-06,2024-06-21T08:55:08.749Z
,prcy-coin,PRivaCY Coin PRCY,PRCY,0.00312952,0.6%,46982.0,50283.0,Masternodes,2025-11-05T13:15:04.109368,0.6403146750236577,99.56033,145.92261037178997,8386.0,0.00499655,0.00149186,16067209.81271498,62171601.06271499,3.0,2021-06-29T23:45:39.094Z,0.00062085,2025-08-05T21:28:46.882Z
,kira-3,KIRA KIRA,KIRA,4.782e-05,1.0%,22.31,47862.0,Masternodes,2025-11-05T13:15:04.233498,0.9930037164938184,-2.47292,-22.08798704166196,8467.0,5.012e-05,4.461e-05,999594879.382504,999594879.382504,0.02057985,2024-11-19T13:15:46.443Z,4.461e-05,2025-11-04T21:41:09.847Z
,wagerr,Wagerr WGR,WGR,6.154e-05,1.2%,233.33,16035.82,Masternodes,2025-11-05T13:15:04.499366,1.1944348228532344,-97.14603,-97.39417198486808,10474.0,0.00215715,3.873e-05,260557449.270504,,0.934216,2018-01-13T00:00:00.000Z,2.262e-05,2025-10-19T06:35:29.894Z
,dogecash,DogeCash DOGEC,DOGEC,0.00079078,0.0%,0.575261,14896.33,Masternodes,2025-11-05T13:15:04.798021,-0.011276985822420456,-0.2764,-2.9938496897510403,10638.0,0.00106494,0.00067219,18833689.251759,21000000.0,4.19,2019-01-03T07:39:47.374Z,0.00036699,2025-11-01T19:16:37.437Z
,crown,Crown CRW,CRW,0.00031629,,3.54,10780.32,Masternodes,2025-11-05T13:15:04.940025,,-3.29314,-18.761016357589014,11295.0,0.00033341,0.0003061,34083828.73542473,42000000.0,4.6,2018-01-08T00:00:00.000Z,0.00016879,2016-02-02T00:00:00.000Z
,axe,Axe AXE,AXE,0.00088356,,0.89392,6450.49,Masternodes,2025-11-05T13:15:05.040554,,3.16933,-21.89833414589872,12168.0,0.00088365,0.00084192,7300532.0,7300532.0,2.6,2019-07-29T14:30:49.030Z,2.8106e-08,2022-04-13T20:30:43.507Z
,bolivarcoin,Bolivarcoin BOLI,BOLI,6.435e-05,,0.08663,1319.73,Masternodes,2025-11-05T13:15:05.254510,,,0.0,12810.0,,,20507706.87379985,20507706.87379985,0.313124,2021-08-31T10:05:30.928Z,5.815e-05,2025-10-26T19:41:34.566Z
,nebula-project,Nebula Project NBLA,NBLA,1.207e-05,,0.0337239,0.0,Masternodes,2025-11-05T13:15:05.461976,,-2.24904,-74.41628002987048,,1.245e-05,1.181e-05,0.0,200000000.0,0.00667794,2024-12-09T01:34:48.844Z,7.72e-06,2025-03-17T12:54:49.835Z
,monk,Monk MONK,MONK,6.537e-05,,1e-06,0.0,Masternodes,2025-11-05T13:15:05.354487,,,-69.5359356177376,,,,0.0,783861965.8463815,22.18,2018-01-20T00:00:00.000Z,2.09e-06,2024-02-16T06:58:21.302Z
,wrapped-viction,Wrapped Viction WVIC,WVIC,0.116429,2.7%,1166.31,0.0,Masternodes,2025-11-05T13:15:05.714524,2.654461813034707,1.41741,-18.24993239981425,,0.121228,0.111204,0.0,210000000.0,0.641928,2025-07-08T19:30:42.678Z,0.069428,2025-10-10T21:24:22.668Z
,hypercycle,HyperCycle HYPC,HYPC,0.01246709,0.5%,4681.93,0.0,Layer 0 (L0),2025-11-05T13:15:27.894553,0.5236282579045681,-7.93645,-22.21074882282142,,0.01375815,0.01200714,0.0,2147483640.0,1.18,2023-09-30T02:21:43.634Z,0.01200714,2025-11-04T21:45:26.186Z
,vitreus,Vitreus WVTRS,WVTRS,0.0104701,0.6%,54676.0,0.0,Layer 0 (L0),2025-11-05T13:15:27.984480,0.6423421509989795,-12.85525,-6.676835174262958,,0.0122474,0.01000229,0.0,608705623.603,0.141581,2024-06-20T02:18:17.533Z,0.00923208,2025-05-16T08:44:43.713Z
,ankr-network,Ankr Network ANKR,ANKR,Buy,1.1%,,,Rollups-as-a-Service (RaaS),2025-11-05T13:14:46.562813,,,,,,,,,,,,
,espresso,Espresso ESP,ESP,,,,,Rollups-as-a-Service (RaaS),2025-11-05T13:14:47.097984,,,,,,,,,,,,
,flux-zelcash,Flux FLUX,FLUX,,1.5%,,,Masternodes,2025-11-05T13:15:01.267154,,,,,,,,,,,,
,firo,Firo FIRO,FIRO,,0.2%,,,Masternodes,2025-11-05T13:15:01.407918,,,,,,,,,,,,
,viction,Viction VIC,VIC,,3.1%,,,Masternodes,2025-11-05T13:15:01.740327,,,,,,,,,,,,
,spacem-world,SPACEM WORLD SPCM,SPCM,,0.4%,,,Masternodes,2025-11-05T13:15:02.235662,,,,,,,,,,,,
,waterfall-2,Waterfall WATER,WATER,,0.9%,,,Masternodes,2025-11-05T13:15:02.508276,,,,,,,,,,,,
,blocxtech,BLOCX. BLOCX,BLOCX,,6.9%,,,Masternodes,2025-11-05T13:15:03.229860,,,,,,,,,,,,
,honest,Honest HNST,HNST,,0.0%,,,Masternodes,2025-11-05T13:15:03.346607,,,,,,,,,,,,
,pac-protocol,PAC Protocol PAC,PAC,,0.4%,,,Masternodes,2025-11-05T13:15:04.369910,,,,,,,,,,,,
,etho-protocol,Etho Protocol ETHO,ETHO,,,,,Masternodes,2025-11-05T13:15:04.613286,,,,,,,,,,,,
,safedeal,SafeDeal SFD,SFD,,0.0%,,,Masternodes,2025-11-05T13:15:05.164341,,,,,,,,,,,,
,colossusxt,ColossusXT COLX,COLX,,0.0%,,,Masternodes,2025-11-05T13:15:05.584494,,,,,,,,,,,,
,synthetix-network-token,Synthetix SNX,SNX,Buy,1.0%,,,Derivatives,2025-11-05T13:15:13.773293,,,,,,,,,,,,
,awe-network,AWE Network AWE,AWE,,1.3%,,,Derivatives,2025-11-05T13:15:14.272243,,,,,,,,,,,,
,apex-token,APEX APEX,APEX,,1.3%,,,Derivatives,2025-11-05T13:15:14.405985,,,,,,,,,,,,
,woo,WOO WOO,WOO,,1.0%,,,Derivatives,2025-11-05T13:15:14.900558,,,,,,,,,,,,
,aevo,Aevo AEVO,AEVO,,0.8%,,,Derivatives,2025-11-05T13:15:15.154148,,,,,,,,,,,,
,synthetix-susd,Synthetix sUSD SUSD,SUSD,,0.5%,,,Derivatives,2025-11-05T13:15:15.269909,,,,,,,,,,,,
,mango,Mango MNGO,MNGO,,8.8%,,,Derivatives,2025-11-05T13:15:16.886072,,,,,,,,,,,,
,dydx-ethdydx,dYdX ETHDYDX,ETHDYDX,,1.7%,,,Derivatives,2025-11-05T13:15:17.988022,,,,,,,,,,,,
,mux-protocol,MUX Protocol MCB,MCB,,0.2%,,,Derivatives,2025-11-05T13:15:18.484390,,,,,,,,,,,,
,indigo-protocol,Indigo Protocol INDY,INDY,,1.3%,,,Derivatives,2025-11-05T13:15:18.586553,,,,,,,,,,,,
,cosmos-hub,Cosmos Hub ATOM,ATOM,Buy,0.6%,,,Layer 0 (L0),2025-11-05T13:15:26.730483,,,,,,,,,,,,
,constellation,Constellation DAG,DAG,,0.3%,,,Layer 0 (L0),2025-11-05T13:15:27.002420,,,,,,,,,,,,
,naoris-protocol,Naoris Protocol NAORIS,NAORIS,,0.2%,,,Layer 0 (L0),2025-11-05T13:15:27.181686,,,,,,,,,,,,
